Estacao,Data,Dia,Mes,Ano,Insolacao,TempMaxima,TempMinima,Temp Comp Media,Umidade Relativa Media,Precipitacao
82191,01/01/2018,1,1,18,5.8,33.5,23.4,27.46,82.75,5.5
82191,02/01/2018,2,1,18,5.3,32.8,23.4,27.18,86,1.3
82191,03/01/2018,3,1,18,6.9,33.5,23.1,27.24,88,1
82191,04/01/2018,4,1,18,6.8,32.1,23.5,27.16,87.75,34.6
82191,05/01/2018,5,1,18,6,32.3,23.9,0,88.25,3.6
82191,06/01/2018,6,1,18,0.9,31.9,23.7,25.8,89.25,16.9
82191,07/01/2018,7,1,18,4.5,32.5,22.5,25.96,78.5,1.2
82191,08/01/2018,8,1,18,2,32.9,23.5,26.68,83.5,1
82191,09/01/2018,9,1,18,1.2,31.5,23.1,25.4,91.75,0
82191,10/01/2018,10,1,18,0.3,28.1,23.1,24.8,85.75,20.3
82191,11/01/2018,11,1,18,6.9,32.9,22.7,27.08,81.75,0.9
82191,12/01/2018,12,1,18,7.3,34,22.2,26,80,1.4
82191,13/01/2018,13,1,18,5.8,31.7,22.7,26.24,86,1.1
82191,14/01/2018,14,1,18,7.8,33.3,22.5,26.28,83,2.6
82191,15/01/2018,15,1,18,5.5,32.9,23.1,26.84,90.5,1
82191,16/01/2018,16,1,18,6.3,33.9,22.5,27.12,86.25,24.8
82191,17/01/2018,17,1,18,8.2,34.5,22.7,26.96,85,11
82191,18/01/2018,18,1,18,2.8,32.2,23.4,25.92,93.25,26.8
82191,19/01/2018,19,1,18,4,31.9,22.5,26.14,84.5,26
82191,20/01/2018,20,1,18,3,32.2,23.8,26.5,93.25,12
82191,21/01/2018,21,1,18,5.1,32.6,22.7,26.54,92.25,14.6
82191,22/01/2018,22,1,18,6.8,33,23.5,27.18,89.75,9.4
82191,23/01/2018,23,1,18,8.2,34.1,24.1,27.24,84,4.1
82191,24/01/2018,24,1,18,2.8,31.6,22.6,25.1,91.5,20
82191,25/01/2018,25,1,18,0.5,29.5,22.9,25.36,89.75,46.8
82191,26/01/2018,26,1,18,2.9,32,23.3,26.7,89.5,0
82191,27/01/2018,27,1,18,4.2,33.5,24.2,26.74,93.25,0.8
82191,28/01/2018,28,1,18,3.5,32.4,23.3,25.5,91.25,15.8
82191,29/01/2018,29,1,18,4.8,31.9,22.9,26.68,86.25,40.6
82191,30/01/2018,30,1,18,5.5,32.3,23.5,26.24,92.25,0
82191,31/01/2018,31,1,18,5.4,33,23.1,26.78,93.5,17.7
82191,01/02/2018,1,2,18,5.7,33.3,24.3,27.12,88.5,5.7
82191,02/02/2018,2,2,18,4.4,32.3,23.7,26.32,90.25,4.2
82191,03/02/2018,3,2,18,0,26.6,23.9,24.76,97.75,25.3
82191,04/02/2018,4,2,18,0,27.5,23.1,24.84,97.25,132.3
82191,05/02/2018,5,2,18,0.6,29.3,23.7,25.12,97,26.8
82191,06/02/2018,6,2,18,2.3,30,23.8,25.64,93.75,38.1
82191,07/02/2018,7,2,18,1.7,30.1,23.7,25.32,93.25,21.2
82191,08/02/2018,8,2,18,0.2,29.7,23.9,25.64,94,80.2
82191,09/02/2018,9,2,18,1.2,30.3,23.7,26.24,86,6.4
82191,10/02/2018,10,2,18,6.7,32.2,23.7,27.22,82.25,2.6
82191,11/02/2018,11,2,18,7.2,33.4,24,27,80,5.8
82191,12/02/2018,12,2,18,0.5,31.3,23.9,25.96,89,0
82191,13/02/2018,13,2,18,6.4,33,23,25.96,90.5,0
82191,14/02/2018,14,2,18,2.1,29.8,23.7,26.04,88,17.6
82191,15/02/2018,15,2,18,5.5,31.4,23.3,26.86,86.75,3
82191,16/02/2018,16,2,18,8.5,33.9,24.3,27.8,81,4.2
82191,17/02/2018,17,2,18,0,27.8,23.9,25.18,96.25,12.4
82191,18/02/2018,18,2,18,5.6,32.9,23.8,26.98,92.75,20.4
82191,19/02/2018,19,2,18,3.4,32.5,23.4,28.1,76.25,0.4
82191,20/02/2018,20,2,18,0.2,29.2,24.3,25.42,90.25,0.3
82191,21/02/2018,21,2,18,2.7,31.1,23.5,26.08,90.75,30.8
82191,22/02/2018,22,2,18,0.1,28.6,23.2,25.04,97.25,34.5
82191,23/02/2018,23,2,18,2.9,30.5,22.8,25.82,95.25,62.5
82191,24/02/2018,24,2,18,4.7,33.1,23.1,26.84,87,17.2
82191,25/02/2018,25,2,18,1.5,29,23.5,25.36,97.75,5.7
82191,26/02/2018,26,2,18,6.9,33.1,23.3,26.76,83.75,90.7
82191,27/02/2018,27,2,18,1.1,28.9,24.2,26.38,93,0.1
82191,28/02/2018,28,2,18,2.5,30.4,23.7,26.02,91.75,23.2
82191,01/03/2018,1,3,18,5.9,32.2,23.3,26.22,93,24.5
82191,02/03/2018,2,3,18,6.6,33.6,22.9,26.82,85.25,7.9
82191,03/03/2018,3,3,18,9.9,34.2,23.9,27.72,77,0.1
82191,04/03/2018,4,3,18,7.3,34.5,24.1,27.48,89.25,0.1
82191,05/03/2018,5,3,18,5.5,32.9,23.4,26.7,91.25,11
82191,06/03/2018,6,3,18,7,33.7,23.5,27.24,89,24.2
82191,07/03/2018,7,3,18,5.8,31.9,23.3,27.08,86.75,8.2
82191,08/03/2018,8,3,18,5.6,32.3,23.3,26.8,92.25,1.6
82191,09/03/2018,9,3,18,3.8,33.3,23.5,26.96,89.5,20.2
82191,10/03/2018,10,3,18,8.1,32.9,24.1,27,87,0.6
82191,11/03/2018,11,3,18,6.9,34.5,23.5,27.52,88,1.4
82191,12/03/2018,12,3,18,7.3,32.3,24.5,27.4,83.25,22.3
82191,13/03/2018,13,3,18,3.7,32.5,23.9,26.98,91.25,10.6
82191,14/03/2018,14,3,18,2.2,32.7,23.5,26.36,95.5,39.5
82191,15/03/2018,15,3,18,2.9,31.1,22.5,25.96,87,67.6
82191,16/03/2018,16,3,18,3.1,32.8,23.8,27.22,85,1
82191,17/03/2018,17,3,18,8.3,33.3,24.3,27.88,84.5,0
82191,18/03/2018,18,3,18,8.7,32.2,24.1,27.38,85.5,0
82191,19/03/2018,19,3,18,9.3,33.3,24.1,27.6,83.75,1.2
82191,20/03/2018,20,3,18,7.8,33.7,23.7,27.48,87.5,2.8
82191,21/03/2018,21,3,18,6.1,33.9,23.5,26.84,93,6.2
82191,22/03/2018,22,3,18,7.1,33.1,23.1,27.08,88,27.5
82191,23/03/2018,23,3,18,3.6,31.3,23.9,26.32,90,36.9
82191,24/03/2018,24,3,18,6.1,32.3,23.6,26.46,90.75,23.8
82191,25/03/2018,25,3,18,1.7,31.6,23.3,25.38,92,61.2
82191,26/03/2018,26,3,18,2.9,31.8,22.7,26.26,88.5,30.2
82191,27/03/2018,27,3,18,8.6,33.3,24.2,26.9,84.75,0
82191,28/03/2018,28,3,18,5.7,33.5,23.6,26.74,90.25,6.6
82191,29/03/2018,29,3,18,0.3,29.1,24,25.7,95,34.5
82191,30/03/2018,30,3,18,3.8,31.9,23.1,25.88,92,22.8
82191,31/03/2018,31,3,18,8.3,33.1,23.3,26.44,88.25,12.2
82191,01/04/2018,1,4,18,7.1,33.4,23.3,27.06,89.25,26.4
82191,02/04/2018,2,4,18,4.2,32.9,24,26.74,93.5,23.6
82191,03/04/2018,3,4,18,4.9,31.3,23.5,26.48,88.75,11
82191,04/04/2018,4,4,18,3.8,32.1,24.1,26.68,93.25,4.3
82191,05/04/2018,5,4,18,1.6,32,23.9,26.08,92,3.4
82191,06/04/2018,6,4,18,6.6,33.3,23.9,26.7,85.75,14.8
82191,07/04/2018,7,4,18,0,28.6,23.3,25.02,94.75,83.6
82191,08/04/2018,8,4,18,4.7,31.7,23.3,26.32,88.5,1.2
82191,09/04/2018,9,4,18,6.1,33.6,23.7,26.56,92,0.3
82191,10/04/2018,10,4,18,0,29.2,22,24.4,94.5,0
82191,11/04/2018,11,4,18,6.4,32,22.1,25.42,89.75,75.7
82191,12/04/2018,12,4,18,0.9,29.1,23,25,90.75,4.3
82191,13/04/2018,13,4,18,5.9,33.6,22.7,26.86,81.75,4.4
82191,14/04/2018,14,4,18,6,33.1,23.7,27.34,85,0.1
82191,15/04/2018,15,4,18,6.5,33.3,23.7,27.16,83.75,3.3
82191,16/04/2018,16,4,18,3.2,31.3,24,26.68,92.5,4.7
82191,17/04/2018,17,4,18,7.2,34.1,22.8,27.36,80.25,2.9
82191,18/04/2018,18,4,18,6.2,32.2,23.3,26.36,90,2
82191,19/04/2018,19,4,18,6.7,31.4,23.2,26.58,86.75,2.2
82191,20/04/2018,20,4,18,7.2,33.7,23.5,26.88,83,1.1
82191,21/04/2018,21,4,18,9.3,34,23.3,26.92,86.25,3
82191,22/04/2018,22,4,18,3.8,32,23.6,26.64,89.75,5.2
82191,23/04/2018,23,4,18,4.6,31.4,24.1,26.24,92.25,1.9
82191,24/04/2018,24,4,18,4.4,31.7,23.7,26.34,91,4.5
82191,25/04/2018,25,4,18,8.9,33.8,23.3,26.98,86.5,8.5
82191,26/04/2018,26,4,18,7.5,34.5,23.8,27.26,84.5,1.7
82191,27/04/2018,27,4,18,4.7,32.6,23.3,26.44,88.75,1.2
82191,28/04/2018,28,4,18,2.1,29,22.7,26.04,91.75,78
82191,29/04/2018,29,4,18,1.8,30.8,23.3,25.8,94.25,7
82191,30/04/2018,30,4,18,2.9,32.1,23.2,26.9,85.25,26
82191,01/05/2018,1,5,18,2.8,32.5,24.1,26.56,91.75,2.5
82191,02/05/2018,2,5,18,2.6,32.1,23.4,26.02,89.5,1.1
82191,03/05/2018,3,5,18,4.6,31.3,23.4,26.06,90.75,10.2
82191,04/05/2018,4,5,18,6.2,31.5,23.7,26.26,92.25,18.5
82191,05/05/2018,5,5,18,2.1,32.7,23.9,26.54,92.75,5.1
82191,06/05/2018,6,5,18,9.2,33.5,23.7,27.04,82.5,9.3
82191,07/05/2018,7,5,18,4.1,32.6,23.3,25.82,93.25,39.4
82191,08/05/2018,8,5,18,2.2,31.6,23.7,26.34,89.75,93.7
82191,09/05/2018,9,5,18,4.7,32.5,23.3,25.92,89.75,4.2
82191,10/05/2018,10,5,18,4.1,32.6,22.9,26.28,89,40.2
82191,11/05/2018,11,5,18,7.7,33.8,23.7,26.9,85.25,6.7
82191,12/05/2018,12,5,18,5.1,32.4,24.3,26.74,88.75,6
82191,13/05/2018,13,5,18,6.5,33.1,23.8,26.36,85.75,8.4
82191,14/05/2018,14,5,18,4.6,32.6,23.6,25.98,92.75,7.2
82191,15/05/2018,15,5,18,5.1,32.6,23.3,26.76,91.75,5.6
82191,16/05/2018,16,5,18,8.1,33.3,23.3,26.8,83.25,9.6
82191,17/05/2018,17,5,18,8.9,33,23.4,27,84.5,0
82191,18/05/2018,18,5,18,8,33.4,23.4,26.92,84.75,6.4
82191,19/05/2018,19,5,18,7.8,33.6,23.4,27.28,84.75,0.9
82191,20/05/2018,20,5,18,7.8,33.4,23.1,26.98,83.25,2.4
82191,21/05/2018,21,5,18,6.6,33.3,23.6,27.4,84,20.8
82191,22/05/2018,22,5,18,4.3,33.6,24.1,26.98,84.5,0
82191,23/05/2018,23,5,18,4.1,32.3,23.1,26.16,95.75,13.4
82191,24/05/2018,24,5,18,4.2,32.1,22.8,26.18,92.25,23.6
82191,25/05/2018,25,5,18,7.1,33.8,22.9,26.86,82.5,0.4
82191,26/05/2018,26,5,18,3.6,32.9,24,26.34,90.5,2.2
82191,27/05/2018,27,5,18,3.3,31.9,24.1,26.52,86.5,6.6
82191,28/05/2018,28,5,18,2.7,32.5,23.9,26.04,90,49
82191,29/05/2018,29,5,18,6.4,33.6,23.5,26.82,84.5,35.4
82191,30/05/2018,30,5,18,4.7,32.9,23.8,26.54,86.75,3.4
82191,31/05/2018,31,5,18,9,33.9,23.4,27.66,77.25,6
82191,01/06/2018,1,6,18,9.8,33.8,23.7,27.96,76.5,0
82191,02/06/2018,2,6,18,5.7,32.7,24.5,27.12,83.75,0
82191,03/06/2018,3,6,18,9.1,33.5,23.6,27.9,81.25,10.1
82191,04/06/2018,4,6,18,8.4,34.1,23.8,26.96,86.5,0
82191,05/06/2018,5,6,18,3.5,33.1,23.2,26.7,93.5,88.6
82191,06/06/2018,6,6,18,7.1,33,23.1,27.14,86.75,0.8
82191,07/06/2018,7,6,18,8.7,34,24,28.2,75.75,1.9
82191,08/06/2018,8,6,18,7.2,34,24.1,27.02,83.5,0
82191,09/06/2018,9,6,18,9.6,33.2,23.1,27.14,76.75,0.3
82191,10/06/2018,10,6,18,9.6,33.7,23,27.54,74.75,0
82191,11/06/2018,11,6,18,9.5,33.5,23.5,27.8,76.25,0
82191,12/06/2018,12,6,18,10,34.6,22.9,27.66,80,0
82191,13/06/2018,13,6,18,8.4,34.6,23.1,27.74,79.25,0
82191,14/06/2018,14,6,18,8.5,34.9,24.1,28.12,79.25,0
82191,15/06/2018,15,6,18,7.6,34,23.3,27.44,80.5,0
82191,16/06/2018,16,6,18,8.5,34.1,23.5,27.1,85.25,0
82191,17/06/2018,17,6,18,7.4,32,22.6,26.16,85,1.8
82191,18/06/2018,18,6,18,8.5,32.7,22.5,26.56,84.5,8.9
82191,19/06/2018,19,6,18,1.2,30.5,23.5,26.2,85.25,6.8
82191,20/06/2018,20,6,18,9.4,32.9,24.2,27.02,79.75,0
82191,21/06/2018,21,6,18,9.6,33.6,23.1,26.94,78.25,11.4
82191,22/06/2018,22,6,18,9,33.2,22.9,27.12,76.75,0
82191,23/06/2018,23,6,18,8.6,33.7,23.5,27.52,77.5,0.4
82191,24/06/2018,24,6,18,6.8,33.9,24.9,28.1,80.75,0
82191,25/06/2018,25,6,18,9.4,34.3,23.1,27.82,73.5,0
82191,26/06/2018,26,6,18,3.5,33.3,24.1,26.94,85.25,0
82191,27/06/2018,27,6,18,9.6,33.9,23.3,27.72,76.75,1.2
82191,28/06/2018,28,6,18,9.2,34.9,23.5,27.32,78.75,0
82191,29/06/2018,29,6,18,7.9,34.6,23.3,28.06,76.25,0.6
82191,30/06/2018,30,6,18,6,34.7,24.3,27.64,79,0
82191,01/07/2018,1,7,18,9.6,34.7,23.5,28.18,76,0
82191,02/07/2018,2,7,18,9.1,34.8,22.9,28.02,74.75,0
82191,03/07/2018,3,7,18,4.7,34.3,23.5,26.52,85,7.4
82191,04/07/2018,4,7,18,2.1,31.9,23.5,26.2,85,3.8
82191,05/07/2018,5,7,18,5.3,33.4,22.7,26.1,86,6.7
82191,06/07/2018,6,7,18,8.9,34.1,23.7,27.84,75.5,2.4
82191,07/07/2018,7,7,18,5.8,32.7,22.7,26.92,81.25,0
82191,08/07/2018,8,7,18,10.1,33.3,23.5,27.88,79.75,0.4
82191,09/07/2018,9,7,18,8.5,34.9,23.7,27.74,77.5,0.2
82191,10/07/2018,10,7,18,3.2,32.2,24.3,26.94,85.5,0.1
82191,11/07/2018,11,7,18,8.1,32.9,22.3,27.08,76,0
82191,12/07/2018,12,7,18,9.9,32.9,22.1,27.04,78.75,0
82191,13/07/2018,13,7,18,9,33.8,22.4,25.78,85,0
82191,14/07/2018,14,7,18,4.8,32.5,22.8,26.06,90,51.1
82191,15/07/2018,15,7,18,8.6,33.5,23,27.24,79.75,5.6
82191,16/07/2018,16,7,18,9.5,33.9,23.6,27.38,81.75,0
82191,17/07/2018,17,7,18,8.9,33.4,23.2,26.76,85,3.7
82191,18/07/2018,18,7,18,8.5,32.9,23,26.94,82,10.4
82191,19/07/2018,19,7,18,9.5,34.4,22.6,27.68,78.5,0.2
82191,20/07/2018,20,7,18,9.3,34.1,23.7,28.04,78.25,0
82191,21/07/2018,21,7,18,9.6,35.1,23.3,28.46,75,0
82191,22/07/2018,22,7,18,9.4,34.8,23.6,27.84,77.75,0
82191,23/07/2018,23,7,18,9.1,34.1,24.2,27.82,81.5,17.1
82191,24/07/2018,24,7,18,2.6,32.9,24.7,26.68,88.25,2.1
82191,25/07/2018,25,7,18,9.5,33.6,23.1,27.5,76.75,0
82191,26/07/2018,26,7,18,9.2,33.3,23.4,27.4,76.25,0
82191,27/07/2018,27,7,18,7.1,33.4,24.1,27.26,82.5,0
82191,28/07/2018,28,7,18,8,33.6,22.6,26.48,84.5,7.8
82191,29/07/2018,29,7,18,8.6,33.7,23,26.76,85.75,11.1
82191,30/07/2018,30,7,18,6.7,32.3,23.7,26.76,87.25,0
82191,31/07/2018,31,7,18,9.5,33.6,23,27.44,78.5,4.9
82191,01/08/2018,1,8,18,9,33.3,22.7,26.48,85.75,0
82191,02/08/2018,2,8,18,8.2,33.5,23.7,27.16,83.5,19.4
82191,03/08/2018,3,8,18,2.8,31.1,23.3,25.56,93.75,0
82191,04/08/2018,4,8,18,8.4,33.3,22.7,26.12,86,22.4
82191,05/08/2018,5,8,18,6.7,33.3,22.2,25.84,88,15.8
82191,06/08/2018,6,8,18,8.1,33.9,23.1,27.04,81.5,8.6
82191,07/08/2018,7,8,18,8.1,33.7,23.9,27.4,84,0.4
82191,08/08/2018,8,8,18,0,33.8,23.5,26.6,82.25,2.2
82191,09/08/2018,9,8,18,5.9,33.2,22.7,25.74,89.5,14.5
82191,10/08/2018,10,8,18,6.1,34.1,22.2,25.9,89.5,11
82191,11/08/2018,11,8,18,7.8,33.6,23.1,26.88,86.25,2
82191,12/08/2018,12,8,18,8.7,33.7,23.1,27.72,76.75,0
82191,13/08/2018,13,8,18,9.4,33.5,22.8,27.26,77.25,0
82191,14/08/2018,14,8,18,9.7,33.6,22.5,27.36,75.25,0
82191,15/08/2018,15,8,18,9.5,33.7,22.5,26.6,82.75,0
82191,16/08/2018,16,8,18,7.2,33.3,22.1,26.44,85.5,14.2
82191,17/08/2018,17,8,18,7.9,33.7,22.1,26.6,81,2.5
82191,18/08/2018,18,8,18,7.5,33.4,23.8,26.56,85.5,2.8
82191,19/08/2018,19,8,18,9,33.1,23.5,27.08,79.5,14
82191,20/08/2018,20,8,18,8.7,33.5,23.1,27.2,78.75,0
82191,21/08/2018,21,8,18,9.4,33.4,22.2,26.7,83.5,0
82191,22/08/2018,22,8,18,0.9,34,22.5,27.18,79.5,6.8
82191,23/08/2018,23,8,18,8.1,33.7,22.9,26.32,85.25,0
82191,24/08/2018,24,8,18,8.2,33.5,22.9,26.26,87.25,6.2
82191,25/08/2018,25,8,18,7.1,33.1,23.1,26.28,87.5,13.7
82191,26/08/2018,26,8,18,8.9,33.5,22.9,27.12,82,35
82191,27/08/2018,27,8,18,7.7,33.1,23.4,27.22,85.75,0
82191,28/08/2018,28,8,18,7.3,33.7,23.3,26.96,86,0.4
82191,29/08/2018,29,8,18,8.5,34.1,22.4,26.64,84,0
82191,30/08/2018,30,8,18,6.8,34.1,22.7,27.32,78.75,0.6
82191,31/08/2018,31,8,18,8.1,34.9,23.6,27.48,81.25,0
82191,01/09/2018,1,9,18,8.9,34.5,23.1,27.98,77,0
82191,02/09/2018,2,9,18,9.4,34.7,23.7,27.64,85.5,0
82191,03/09/2018,3,9,18,6.8,33.9,22.5,27,83.25,8
82191,04/09/2018,4,9,18,9.4,34.1,23.7,27.68,80.5,0
82191,05/09/2018,5,9,18,8.3,34.3,23.1,30.6,86.5,0
82191,06/09/2018,6,9,18,7.7,34,22.1,27.64,74.5,36
82191,07/09/2018,7,9,18,7.3,33.5,22.7,26.16,90.25,19.7
82191,08/09/2018,8,9,18,7.2,33.7,23.1,26.86,84.25,45.8
82191,09/09/2018,9,9,18,3.5,33.2,24.2,27.26,86.5,0.9
82191,10/09/2018,10,9,18,10.3,34.4,23.1,27.9,81,2.8
82191,11/09/2018,11,9,18,8.9,34.3,23.2,28,80,0
82191,12/09/2018,12,9,18,7.5,34.3,23.5,27.8,82,0
82191,13/09/2018,13,9,18,10.3,33.9,22.7,27.88,72.5,2.6
82191,14/09/2018,14,9,18,9.6,34.3,21.3,27.52,71.5,0
82191,15/09/2018,15,9,18,10.8,34.9,22.9,27.92,73.25,0
82191,16/09/2018,16,9,18,10,34.7,22.8,27.42,77.25,0
82191,17/09/2018,17,9,18,10.6,35.1,22.3,28.16,76.25,6
82191,18/09/2018,18,9,18,6.8,33.7,23.2,26.94,86,0
82191,19/09/2018,19,9,18,6.7,33.5,23.1,26.44,87.5,13
82191,20/09/2018,20,9,18,10.3,34.7,22.6,28.06,59,0.2
82191,21/09/2018,21,9,18,10.2,34.7,23.3,28.16,73.25,0
82191,22/09/2018,22,9,18,7.9,34.6,23.5,27.28,84.5,0
82191,23/09/2018,23,9,18,7,32.8,23.1,26.66,87.75,5.5
82191,24/09/2018,24,9,18,7.8,33,22.1,27.02,84.75,30.2
82191,25/09/2018,25,9,18,8,33.1,22.4,27.54,78.75,0.2
82191,26/09/2018,26,9,18,7.9,33.5,22.9,27.62,74.25,0
82191,27/09/2018,27,9,18,8,33.5,22.7,27.7,75,0
82191,28/09/2018,28,9,18,8.6,33.2,23.5,27.5,74,0
82191,29/09/2018,29,9,18,8.8,33.1,22.8,27.42,76.75,0
82191,30/09/2018,30,9,18,8.3,34.2,22.2,27.32,79.25,0
82191,01/10/2018,1,10,18,9,33.5,23.2,27.5,77.25,21.8
82191,02/10/2018,2,10,18,9.4,34.1,23.1,27.46,79.75,0.2
82191,03/10/2018,3,10,18,9.4,33.6,23.5,26.9,84,0.4
82191,04/10/2018,4,10,18,9.1,33.9,22.2,27.58,76,10.8
82191,05/10/2018,5,10,18,9,33.9,23,27.62,77.25,0
82191,06/10/2018,6,10,18,7.7,33.7,23.1,27.36,80.5,2.4
82191,07/10/2018,7,10,18,6.6,33.7,23.4,26.58,86.5,1.2
82191,08/10/2018,8,10,18,8.6,34.3,22.7,27.64,82,1.7
82191,09/10/2018,9,10,18,10.2,33.9,22.5,27.6,74.75,0.2
82191,10/10/2018,10,10,18,6.9,33.1,23.2,27.46,77,0
82191,11/10/2018,11,10,18,8.6,34,23.7,28.3,72.75,0
82191,12/10/2018,12,10,18,8.6,33.5,23.1,27.78,73,0
82191,13/10/2018,13,10,18,9.4,34.3,21.8,27.66,74.25,0
82191,14/10/2018,14,10,18,6.9,34.6,22.1,26.94,83.25,0.8
82191,15/10/2018,15,10,18,8.4,34.5,22.5,28.08,73,1.1
82191,16/10/2018,16,10,18,6.9,34.8,23.1,27.3,90.25,0
82191,17/10/2018,17,10,18,6.7,34.2,22.7,27.5,91.25,39.7
82191,18/10/2018,18,10,18,8.6,34.3,23.9,27.68,79.5,7.9
82191,19/10/2018,19,10,18,10.4,34.2,21.4,27.76,73.25,2.1
82191,20/10/2018,20,10,18,9.9,33.9,23.1,27.92,76.5,0
82191,21/10/2018,21,10,18,9.1,34.6,23.5,28.38,75.75,0
82191,22/10/2018,22,10,18,10.4,34.6,22.9,28.4,72.5,0
82191,23/10/2018,23,10,18,9.8,34.3,22.3,27.6,80.5,0
82191,24/10/2018,24,10,18,9.4,34.8,23.9,28.5,74,0
82191,25/10/2018,25,10,18,8.7,34.1,22.7,27.68,80,0.2
82191,26/10/2018,26,10,18,7.5,33.5,23,26.78,87.75,3.6
82191,27/10/2018,27,10,18,9.7,33.4,22.3,27.46,84,34
82191,28/10/2018,28,10,18,10.5,34.7,23.5,28.46,74.75,0
82191,29/10/2018,29,10,18,8.3,34.7,23.1,28.2,77,0
82191,30/10/2018,30,10,18,7.7,34.3,23.1,27.72,80.5,0
82191,31/10/2018,31,10,18,8.8,34.8,23.5,28.46,75.5,6.6
82191,01/11/2018,1,11,18,9.1,34.3,23.3,27.36,81,0
82191,02/11/2018,2,11,18,8.8,33.9,22.2,26.98,82.5,5.4
82191,03/11/2018,3,11,18,8.4,34.3,22.7,27.76,79.75,38
82191,04/11/2018,4,11,18,8.9,34.5,23,27.86,76.5,0
82191,05/11/2018,5,11,18,8.9,35.6,23.5,27.62,81.75,9.5
82191,06/11/2018,6,11,18,7.5,34.1,23.1,27.4,88.75,0.2
82191,07/11/2018,7,11,18,8.3,34.5,23.3,27.3,84.75,20.2
82191,08/11/2018,8,11,18,8.8,34.6,22.9,28.18,72,18.6
82191,09/11/2018,9,11,18,9.8,35,22,28.08,75.25,0
82191,10/11/2018,10,11,18,8.6,34.5,24,27.68,83,0
82191,11/11/2018,11,11,18,9,34.3,22.6,27.9,77,22.6
82191,12/11/2018,12,11,18,7.7,34.1,23.4,28.04,75.75,0
82191,13/11/2018,13,11,18,8.6,34.8,23.3,28.34,77.5,6
82191,14/11/2018,14,11,18,9.7,34.7,23.1,28.56,76.5,0.1
82191,15/11/2018,15,11,18,5.1,33.5,24.5,28.38,75.75,0
82191,16/11/2018,16,11,18,5.6,33,23.9,27.82,72.25,0
82191,17/11/2018,17,11,18,9.6,35.1,21.6,27.88,78.5,0
82191,18/11/2018,18,11,18,9.5,35.1,23.5,28.54,76.75,0.2
82191,19/11/2018,19,11,18,8.2,34.5,23.1,28.04,78,0.4
82191,20/11/2018,20,11,18,6.7,33.7,23.7,28,81.5,6
82191,21/11/2018,21,11,18,5.7,33.5,23.5,27.68,83,1.8
82191,22/11/2018,22,11,18,5,32.9,23.5,26.56,91,11.8
82191,23/11/2018,23,11,18,5.5,33.8,23.4,27.82,84.75,7.8
82191,24/11/2018,24,11,18,7.3,35.6,23.6,28.32,77.5,5.2
82191,25/11/2018,25,11,18,7.6,33.6,23.7,28.08,81.75,4.8
82191,26/11/2018,26,11,18,8.3,34,23.7,27.58,83,4.7
82191,27/11/2018,27,11,18,6.3,34.3,24.2,27.36,84.75,20.8
82191,28/11/2018,28,11,18,4.3,33.6,24.1,27.24,91.5,7.4
82191,29/11/2018,29,11,18,3.3,33.5,23.9,26.68,90.75,16
82191,30/11/2018,30,11,18,0,26.2,22.7,24.1,95.75,38.6
82191,01/12/2018,1,12,18,2.9,32.3,23.4,26.38,96.25,1.6
82191,02/12/2018,2,12,18,3.8,31.9,24.1,26.82,91.75,44.8
82191,03/12/2018,3,12,18,0.6,31.3,23.4,26.66,94.25,3.8
82191,04/12/2018,4,12,18,0.2,29.3,22.9,25,94.5,22.6
82191,05/12/2018,5,12,18,1.3,31.3,23.1,26.2,89.5,2.5
82191,06/12/2018,6,12,18,1.2,29.5,23.1,25.62,93.75,8.2
82191,07/12/2018,7,12,18,2.8,31.7,23.7,26.56,94.25,0.6
82191,08/12/2018,8,12,18,5.7,32.5,23.5,27.02,92.75,43.6
82191,09/12/2018,9,12,18,4.3,33.3,23.9,26.14,94.5,26.1
82191,10/12/2018,10,12,18,4.1,32.5,22.9,26.44,95,12
82191,11/12/2018,11,12,18,2.3,31.5,22.5,25.86,90.25,15.6
82191,12/12/2018,12,12,18,3.6,33.7,23.3,26.96,91.5,0
82191,13/12/2018,13,12,18,4,32.7,22.7,26.24,94.5,10.6
82191,14/12/2018,14,12,18,0,29.7,22.7,25.44,97.75,16.4
82191,15/12/2018,15,12,18,3.3,31.7,23.1,25.32,93,38.6
82191,16/12/2018,16,12,18,4.3,31.2,21.2,25.32,92.25,36.6
82191,17/12/2018,17,12,18,5.7,31.9,22.1,25.84,92,5.8
82191,18/12/2018,18,12,18,2,30.9,22.9,25.64,95,20.7
82191,19/12/2018,19,12,18,3.8,32.5,22.3,26.16,91,17.6
82191,20/12/2018,20,12,18,6.2,33.9,21.5,26.44,93.25,9.4
82191,21/12/2018,21,12,18,4.5,32.7,23,26.38,93,9.1
82191,22/12/2018,22,12,18,3.8,32.1,23.9,26.12,91.5,6.2
82191,23/12/2018,23,12,18,2.6,31.3,22.9,25.96,94,0.6
82191,24/12/2018,24,12,18,3.3,32.6,23.1,25.48,91.25,6.4
82191,25/12/2018,25,12,18,3.3,31.1,22.5,25.76,89,18.4
82191,26/12/2018,26,12,18,8,33.5,22,26.78,81.75,7.1
82191,27/12/2018,27,12,18,9,34.3,21.7,27.52,80.25,5.7
82191,28/12/2018,28,12,18,5.9,32.9,23.5,26.5,87,0
82191,29/12/2018,29,12,18,3.8,31.3,22.9,26.32,91.5,16.9
82191,30/12/2018,30,12,18,5.7,32.1,23,25.86,92.25,2.3
82191,31/12/2018,31,12,18,1.3,31.3,23.1,25.52,93,23
82191,01/01/2017,1,1,2017,4.3,32.1,23.7,26.92,93,0
82191,02/01/2017,2,1,2017,0,28.1,22.7,25.04,93.25,30.2
82191,03/01/2017,3,1,2017,4.3,30.7,22.7,26.3,90.5,35.6
82191,04/01/2017,4,1,2017,2,32.5,23.1,27.02,88,9.6
82191,05/01/2017,5,1,2017,4.2,32.5,23.9,27.04,91.75,1.3
82191,06/01/2017,6,1,2017,5.4,33.7,23.7,26.96,93.75,13.7
82191,07/01/2017,7,1,2017,3,31.6,23.3,26.46,94,43.9
82191,08/01/2017,8,1,2017,1.2,31.1,23.5,26.56,86.75,8.2
82191,09/01/2017,9,1,2017,1.8,30.1,23.5,25.92,92.5,29.7
82191,10/01/2017,10,1,2017,4.2,31.4,23.1,25.78,90.5,10.2
82191,11/01/2017,11,1,2017,3.7,31.8,23.3,26.1,90.75,14.6
82191,12/01/2017,12,1,2017,2.5,31.3,23.3,26.44,87,18
82191,13/01/2017,13,1,2017,5.5,32.1,23.3,26.52,90.75,0
82191,14/01/2017,14,1,2017,0.8,29.5,24.1,25.86,95.75,28.2
82191,15/01/2017,15,1,2017,6,31.4,23.1,26.22,88.75,23.2
82191,16/01/2017,16,1,2017,3.3,30.9,23.5,26.68,88.5,1.7
82191,17/01/2017,17,1,2017,3.1,30.6,24.7,27.02,86,1.1
82191,18/01/2017,18,1,2017,0.4,29.4,23.4,25.04,94.75,5.2
82191,19/01/2017,19,1,2017,1.2,30.5,23.5,25.8,92.5,38.2
82191,20/01/2017,20,1,2017,4.2,31.9,23.7,27.18,83,6.8
82191,21/01/2017,21,1,2017,4.8,33,23.4,26.28,89.25,1.2
82191,22/01/2017,22,1,2017,3.5,32.5,22.5,25.88,91,62.9
82191,23/01/2017,23,1,2017,5.2,31.9,23.5,26.84,92.25,14.4
82191,24/01/2017,24,1,2017,1.4,30.4,23.4,25.58,95.75,7
82191,25/01/2017,25,1,2017,0,28.6,22,25.1,92,94.8
82191,26/01/2017,26,1,2017,5.2,32.1,23.1,26.48,90.25,0
82191,27/01/2017,27,1,2017,6.7,32.8,22.9,27.3,87.5,6.4
82191,28/01/2017,28,1,2017,3.4,33.5,23.8,26.94,93,2.7
82191,29/01/2017,29,1,2017,5.6,32.7,23.4,26.62,88,23
82191,30/01/2017,30,1,2017,6.6,34.1,23.7,27.14,86,41.5
82191,31/01/2017,31,1,2017,3.1,31.5,24.1,26.44,93,26
82191,01/02/2017,1,2,2017,1.5,30.9,23.5,26.02,93.25,32.8
82191,02/02/2017,2,2,2017,2.8,30.9,24.1,26.5,93,21.2
82191,03/02/2017,3,2,2017,4.2,31.6,23.5,26.3,92,2.9
82191,04/02/2017,4,2,2017,6.4,33.3,23.1,28.16,79.25,27.6
82191,05/02/2017,5,2,2017,6.6,33.1,23.1,26.68,87,23.8
82191,06/02/2017,6,2,2017,3.6,32.5,23.5,26.84,85.5,25.3
82191,07/02/2017,7,2,2017,3.7,31.9,23.5,27,91.75,24
82191,08/02/2017,8,2,2017,3.2,31.6,24,26.48,88.75,33.7
82191,09/02/2017,9,2,2017,0.9,30.1,23.8,25.8,95.5,18.5
82191,10/02/2017,10,2,2017,0.3,28.7,24.3,25.78,91.5,16.2
82191,11/02/2017,11,2,2017,0.6,31.3,22.9,25.76,89.25,9.8
82191,12/02/2017,12,2,2017,2.9,30.6,23.4,26.16,89.25,38.4
82191,13/02/2017,13,2,2017,0,27.2,23.3,24.46,95.25,19.7
82191,14/02/2017,14,2,2017,0.8,29.6,23.1,25.94,88,39.5
82191,15/02/2017,15,2,2017,8.5,33.3,22.7,26.42,83.25,0
82191,16/02/2017,16,2,2017,0.9,31.5,24.4,26.32,86.5,4.4
82191,17/02/2017,17,2,2017,5.9,32.3,23.9,27.26,81.5,4.6
82191,18/02/2017,18,2,2017,0.5,28.8,23.4,25.16,95,44.8
82191,19/02/2017,19,2,2017,2,31.7,23.1,26.54,86.5,37.9
82191,20/02/2017,20,2,2017,9.7,28.9,23.4,25.3,96.5,0
82191,21/02/2017,21,2,2017,5.5,33.1,22.7,26.3,83.5,33.4
82191,22/02/2017,22,2,2017,5.2,33.6,23.7,26.58,83.75,10
82191,23/02/2017,23,2,2017,1.4,29.1,23.1,25.48,88.75,48
82191,24/02/2017,24,2,2017,3.9,31.1,23.1,26.76,89,0.2
82191,25/02/2017,25,2,2017,5.9,32.3,23.4,27.24,89.75,7.6
82191,26/02/2017,26,2,2017,1.2,31.9,24.1,26.3,90.25,12.2
82191,27/02/2017,27,2,2017,3.5,31.7,22.5,25.76,88,19
82191,28/02/2017,28,2,2017,4.2,31.1,23.7,26.32,87.75,42.4
82191,01/03/2017,1,3,2017,0.8,28,23.5,24.98,91.75,46
82191,02/03/2017,2,3,2017,0,29.7,23,25.92,93,0.6
82191,03/03/2017,3,3,2017,6.5,32.9,23.7,26.72,87.25,0
82191,04/03/2017,4,3,2017,5.2,31.7,23,26.34,90.75,43.2
82191,05/03/2017,5,3,2017,6.1,31.7,22.9,26.92,87.25,17.8
82191,06/03/2017,6,3,2017,4.1,31.9,24.1,26.6,92.75,3
82191,07/03/2017,7,3,2017,5.5,32.5,22.3,25.88,96.25,26
82191,08/03/2017,8,3,2017,0,28,23.2,25.28,91.75,49.4
82191,09/03/2017,9,3,2017,1.6,28.7,22.5,25.24,92.75,0.2
82191,10/03/2017,10,3,2017,0.3,30.5,22.7,25.42,94.75,2.6
82191,11/03/2017,11,3,2017,0,29.3,23.6,25.14,93,85.5
82191,12/03/2017,12,3,2017,0.9,30.2,22.3,25.36,95.5,19.1
82191,13/03/2017,13,3,2017,3.6,32.3,23.1,26.54,86.5,34.4
82191,14/03/2017,14,3,2017,2.5,31,23.7,26.26,94,9.6
82191,15/03/2017,15,3,2017,2.4,31.2,23.3,25.68,93.75,4.4
82191,16/03/2017,16,3,2017,0.4,30.2,22.7,25.46,90.75,51.9
82191,17/03/2017,17,3,2017,0,28.3,23.1,24.84,94.75,6.4
82191,18/03/2017,18,3,2017,0.8,31.8,22.1,25.8,86.75,18.4
82191,19/03/2017,19,3,2017,5,32.3,24,26.58,90.75,2.2
82191,20/03/2017,20,3,2017,5.9,33.7,23.5,26.96,88.25,0.4
82191,21/03/2017,21,3,2017,0,31.1,23,25.28,92.25,5
82191,22/03/2017,22,3,2017,0.4,29.6,22.7,25.9,87,29.6
82191,23/03/2017,23,3,2017,3.1,31.6,22.7,26.22,92,0
82191,24/03/2017,24,3,2017,2.7,31.1,23.4,26.5,95.5,44.2
82191,25/03/2017,25,3,2017,0.7,31.3,24.7,26.64,91.5,35.8
82191,26/03/2017,26,3,2017,0,27.9,24.1,25.46,94.5,13.1
82191,27/03/2017,27,3,2017,2.2,31.7,24.1,26.56,93,39.4
82191,28/03/2017,28,3,2017,1.1,30.9,23.5,26.9,85.5,24.2
82191,29/03/2017,29,3,2017,5.3,32.8,23.5,27.26,88.75,0
82191,30/03/2017,30,3,2017,3.1,31.7,23.5,26.12,89.5,20.4
82191,31/03/2017,31,3,2017,1.7,31.3,23.7,26.5,94.75,37.4
82191,01/04/2017,1,4,2017,1.8,31.7,23.7,26.76,86.75,41.2
82191,02/04/2017,2,4,2017,3.7,31,23.8,26.96,91.25,16
82191,03/04/2017,3,4,2017,0,28.9,23.6,25.06,94.25,18.9
82191,04/04/2017,4,4,2017,1.5,30.7,22.5,25.74,93.5,39.8
82191,05/04/2017,5,4,2017,3.5,30.1,22.9,25.72,92.5,2.2
82191,06/04/2017,6,4,2017,7.6,32.9,23.9,26.78,87.25,10.1
82191,07/04/2017,7,4,2017,8,32.9,22.9,26.56,87.75,62.6
82191,08/04/2017,8,4,2017,6.7,33.3,23.2,26.8,82.75,16.3
82191,09/04/2017,9,4,2017,1.7,30.3,23.6,25.78,85,0
82191,10/04/2017,10,4,2017,1,30.8,22.4,25.84,94,0.4
82191,11/04/2017,11,4,2017,4.3,31.9,22.5,26.32,90.75,19.5
82191,12/04/2017,12,4,2017,2.3,31.5,23.5,26.28,89.75,0.5
82191,13/04/2017,13,4,2017,3.6,31.9,23.5,27.08,89.75,3.4
82191,14/04/2017,14,4,2017,2.4,32.7,24,27.02,84.75,3.4
82191,15/04/2017,15,4,2017,2.4,32.7,24.2,26.66,91.5,0
82191,16/04/2017,16,4,2017,4,33.3,23.8,26.9,91,12.6
82191,17/04/2017,17,4,2017,4.5,33.1,24.1,26.94,89.5,25.2
82191,18/04/2017,18,4,2017,5.3,33,23.6,27.4,82.5,20.6
82191,19/04/2017,19,4,2017,4.8,32.4,23.9,27.18,88.75,0
82191,20/04/2017,20,4,2017,1.1,30.8,23.3,26.34,88.25,33.6
82191,21/04/2017,21,4,2017,5.3,32.2,23.7,26.94,86.5,0
82191,22/04/2017,22,4,2017,4.1,31.1,24.2,26.7,88.25,11.2
82191,23/04/2017,23,4,2017,8.5,33.1,23.3,26.82,85,4.8
82191,24/04/2017,24,4,2017,4,0,23.5,0,90,6.2
82191,25/04/2017,25,4,2017,2.4,29.1,24.5,26.36,90.25,67.8
82191,26/04/2017,26,4,2017,8.1,30.7,24.3,27.14,88.5,11.6
82191,27/04/2017,27,4,2017,6.7,0,24.5,0,0,6.6
82191,28/04/2017,28,4,2017,6.6,0,0,0,0,1.1
82191,29/04/2017,29,4,2017,4.1,0,0,0,0,18.5
82191,30/04/2017,30,4,2017,2,0,0,0,0,24.7
82191,01/05/2017,1,5,2017,7.1,0,0,0,0,2.8
82191,02/05/2017,2,5,2017,5.3,0,0,0,0,13.6
82191,03/05/2017,3,5,2017,6.6,0,0,0,0,22
82191,04/05/2017,4,5,2017,3.6,0,0,0,0,51.6
82191,05/05/2017,5,5,2017,6.9,0,0,0,0,25.4
82191,06/05/2017,6,5,2017,7.2,0,0,0,0,1.7
82191,07/05/2017,7,5,2017,5.2,29.5,0,0,94,2.6
82191,08/05/2017,8,5,2017,6.8,34.5,24.1,27.84,86,0
82191,09/05/2017,9,5,2017,5.1,33.3,24.5,27.52,88,3
82191,10/05/2017,10,5,2017,3,32.7,24.1,26.72,94,9.8
82191,11/05/2017,11,5,2017,4.1,32.5,24.3,27.26,88.5,11.1
82191,12/05/2017,12,5,2017,4.6,32.3,24.5,27.36,89.75,74.9
82191,13/05/2017,13,5,2017,6.6,32.9,23.4,26.86,93,6.8
82191,14/05/2017,14,5,2017,3.1,33.6,23.3,26.9,88.25,17.2
82191,15/05/2017,15,5,2017,7.6,34.2,23.8,27.98,81.75,0
82191,16/05/2017,16,5,2017,7.4,34.2,24.2,27.76,79,0
82191,17/05/2017,17,5,2017,6.2,34.1,23.5,27.38,84.25,0
82191,18/05/2017,18,5,2017,6.5,33.1,23.5,26.98,86.75,0.1
82191,19/05/2017,19,5,2017,6.4,34.3,24.1,27.88,89.5,1.4
82191,20/05/2017,20,5,2017,8.6,33.9,24.1,28.12,80,5.6
82191,21/05/2017,21,5,2017,8.6,33.9,24.3,27.88,82,0
82191,22/05/2017,22,5,2017,7.4,33.9,24,27.16,82,2.4
82191,23/05/2017,23,5,2017,5,33.3,23.1,27.24,86.25,1.2
82191,24/05/2017,24,5,2017,7.1,33.8,24.1,27.02,87,3.2
82191,25/05/2017,25,5,2017,8.7,34,22.9,27.62,78.75,2.8
82191,26/05/2017,26,5,2017,7.6,33.7,23.7,27.28,84.5,0
82191,27/05/2017,27,5,2017,5.4,32.1,23.1,26.54,86.25,1.2
82191,28/05/2017,28,5,2017,4.4,33.5,22.8,26.62,89.75,1.3
82191,29/05/2017,29,5,2017,5.6,34.1,23.1,27.08,83,3.1
82191,30/05/2017,30,5,2017,5.5,33.4,23.6,27.02,90,0.8
82191,31/05/2017,31,5,2017,6.6,33.3,24.7,27.32,83.75,5.8
82191,01/06/2017,1,6,2017,3.8,32.6,23.5,26.86,86.5,17
82191,02/06/2017,2,6,2017,8,33.7,23.7,27.8,79.25,10.9
82191,03/06/2017,3,6,2017,8.4,34.1,22.4,27.14,81,0
82191,04/06/2017,4,6,2017,9,33.9,22.9,27.5,80,5.8
82191,05/06/2017,5,6,2017,4.9,33.4,24.1,27.38,84.75,5.3
82191,06/06/2017,6,6,2017,5,33.7,24.3,27.84,83.5,4.2
82191,07/06/2017,7,6,2017,5.7,33.9,23.9,27.76,83,0
82191,08/06/2017,8,6,2017,7.6,35.1,24.2,28.9,77.25,0
82191,09/06/2017,9,6,2017,5.6,0,23.8,0,78.75,0
82191,10/06/2017,10,6,2017,8.8,0,23.6,0,77.75,0
82191,11/06/2017,11,6,2017,4.2,33.5,23.8,27.02,91,0.6
82191,12/06/2017,12,6,2017,8.5,33.3,23.2,27.2,85.25,21
82191,13/06/2017,13,6,2017,8.5,34.8,24.5,28.04,79,0
82191,14/06/2017,14,6,2017,9.5,34.6,23.7,28.62,76.5,4.7
82191,15/06/2017,15,6,2017,0.2,31.4,24.5,27,85.25,6
82191,16/06/2017,16,6,2017,9.8,33.9,24.3,27.82,81.75,2
82191,17/06/2017,17,6,2017,9.9,33.7,24.1,28,78.75,5.3
82191,18/06/2017,18,6,2017,8.4,34.1,23.6,27.6,83,0
82191,19/06/2017,19,6,2017,9.3,34.8,23.5,28.3,76.75,0
82191,20/06/2017,20,6,2017,6.6,34.1,23.8,27.12,87.75,0
82191,21/06/2017,21,6,2017,8.4,33.9,22.9,26.84,88.5,43.4
82191,22/06/2017,22,6,2017,7.7,33.1,23.3,27.32,84.25,3.3
82191,23/06/2017,23,6,2017,7.9,33.9,24.6,28.26,77.25,7.4
82191,24/06/2017,24,6,2017,9.3,34.6,24.1,28.18,77.5,0
82191,25/06/2017,25,6,2017,3.6,33.9,23.6,26.3,85,0.1
82191,26/06/2017,26,6,2017,4.6,33.8,23.1,26.84,83,14.5
82191,27/06/2017,27,6,2017,6,33.2,23.3,26.82,84.5,1
82191,28/06/2017,28,6,2017,2.7,33.2,23.5,26.3,91,0.6
82191,29/06/2017,29,6,2017,8.9,33.4,23.3,27.2,84.25,30.3
82191,30/06/2017,30,6,2017,7.9,33.1,23.9,26.8,86.25,3.4
82191,01/07/2017,1,7,2017,9.4,33.7,22.9,27.76,77.5,15.2
82191,02/07/2017,2,7,2017,9.3,34.1,23.2,27.3,82.5,0
82191,03/07/2017,3,7,2017,6.9,33.5,23.7,27.24,85.25,1.2
82191,04/07/2017,4,7,2017,5.7,33,24.1,26.9,88.25,0
82191,05/07/2017,5,7,2017,10,32.1,22.1,26.32,78.25,0
82191,06/07/2017,6,7,2017,9,33.7,21,27.14,77.5,0
82191,07/07/2017,7,7,2017,6.7,33.6,22.7,27.42,81,0
82191,08/07/2017,8,7,2017,6.2,33.9,23.7,26.96,85,0.4
82191,09/07/2017,9,7,2017,9.7,33.3,23.1,26.98,84.5,6.2
82191,10/07/2017,10,7,2017,9.2,34.1,21.8,27.02,79.75,0
82191,11/07/2017,11,7,2017,10,34.2,24.9,27.86,80,0
82191,12/07/2017,12,7,2017,7.7,33.7,24.1,27,82.75,0.4
82191,13/07/2017,13,7,2017,8,33.8,24.4,27.16,85,0.1
82191,14/07/2017,14,7,2017,9.7,34.1,21.3,26.96,75.25,0
82191,15/07/2017,15,7,2017,9.6,34.1,22.8,27.86,74,0
82191,16/07/2017,16,7,2017,9.9,34.3,22.9,27.24,75.5,0
82191,17/07/2017,17,7,2017,7.1,35.1,24.3,28.4,77,0
82191,18/07/2017,18,7,2017,9.6,34.9,24.2,28.62,75.25,0
82191,19/07/2017,19,7,2017,9.9,34,23.1,27.7,78.75,0
82191,20/07/2017,20,7,2017,9,35.2,23.7,28.38,73.75,0
82191,21/07/2017,21,7,2017,9.1,35.1,23.1,27.4,77.25,0
82191,22/07/2017,22,7,2017,7.4,32.9,23,27.52,78,0
82191,23/07/2017,23,7,2017,9.3,33.9,24.3,27.68,78.75,1
82191,24/07/2017,24,7,2017,9.6,33.9,22.7,26.92,79.25,0
82191,25/07/2017,25,7,2017,10,33.6,22.9,27.54,77.5,4.1
82191,26/07/2017,26,7,2017,9.8,33.5,22.9,27.22,79.25,0
82191,27/07/2017,27,7,2017,9.7,34.1,22.7,26.96,74,0
82191,28/07/2017,28,7,2017,9.3,34.7,21.8,27.98,72,0
82191,29/07/2017,29,7,2017,9.1,35.1,23.6,27.02,81.5,0
82191,30/07/2017,30,7,2017,8.8,33.7,23,27.34,78,7.2
82191,31/07/2017,31,7,2017,9.6,33.3,22.5,27.12,79.75,0
82191,01/08/2017,1,8,2017,9.1,34.1,22.4,27.86,73,0
82191,02/08/2017,2,8,2017,8.3,35.2,23.9,27.98,72.75,0
82191,03/08/2017,3,8,2017,9.8,35.1,23.7,28.72,73,0
82191,04/08/2017,4,8,2017,9.7,34.9,24.3,28.66,74,0
82191,05/08/2017,5,8,2017,9.5,34.5,23.7,27.76,76.5,0
82191,06/08/2017,6,8,2017,8.9,34.9,23.8,27.24,82.75,0
82191,07/08/2017,7,8,2017,8.7,33.5,23.7,27.24,79.25,12.8
82191,08/08/2017,8,8,2017,6.6,32.8,24.3,27.26,85,0
82191,09/08/2017,9,8,2017,9.3,34.7,22.7,27.92,73.75,1.7
82191,10/08/2017,10,8,2017,8.4,34.3,23.5,27.34,82.25,0
82191,11/08/2017,11,8,2017,8,34.2,22.7,27.02,80.75,1.8
82191,12/08/2017,12,8,2017,8.5,34.3,23,26.84,82,0
82191,13/08/2017,13,8,2017,8.6,34.1,22.7,26.42,87.5,13
82191,14/08/2017,14,8,2017,9.1,34.5,22.7,27.84,78.75,4.2
82191,15/08/2017,15,8,2017,9.6,34.3,24.3,28.18,77.75,0
82191,16/08/2017,16,8,2017,8.8,34.7,23.9,27.48,81,0
82191,17/08/2017,17,8,2017,9.7,34.8,22.9,27.98,74.25,5.8
82191,18/08/2017,18,8,2017,9.9,35.3,23.7,28.4,70.5,0
82191,19/08/2017,19,8,2017,7.5,33.9,23.6,27.52,82.75,0
82191,20/08/2017,20,8,2017,7.8,34.3,24,27.46,83.25,11
82191,21/08/2017,21,8,2017,9,34.9,22.9,27.3,80.5,0
82191,22/08/2017,22,8,2017,9,33.8,23.2,27.6,79,1.6
82191,23/08/2017,23,8,2017,5.1,32.9,23.5,26.48,90.25,0.3
82191,24/08/2017,24,8,2017,9,33.7,22.7,27.68,79.25,5.5
82191,25/08/2017,25,8,2017,9.6,34.2,23.5,26.78,83.25,0
82191,26/08/2017,26,8,2017,9.6,34.5,22.3,27.36,81.25,16
82191,27/08/2017,27,8,2017,6.8,34.3,23.9,27.36,87.75,4.8
82191,28/08/2017,28,8,2017,8.5,33.7,23.5,26.8,84.5,0.2
82191,29/08/2017,29,8,2017,9.5,34.7,23.5,27.12,82.75,10.8
82191,30/08/2017,30,8,2017,8.7,34.1,22.5,26.66,84.25,11.8
82191,31/08/2017,31,8,2017,8.1,33.9,23.7,27.08,85,1.3
82191,01/09/2017,1,9,2017,9.4,34.3,24.1,27.72,79.25,0.4
82191,02/09/2017,2,9,2017,8.7,33.9,23.9,27.62,78.5,5.7
82191,03/09/2017,3,9,2017,8.8,33.7,22.9,28,72.25,0
82191,04/09/2017,4,9,2017,9.8,33.3,23.7,28,73.5,0
82191,05/09/2017,5,9,2017,9.5,33.9,23.7,28.12,75,0
82191,06/09/2017,6,9,2017,10.3,34.4,23.9,28.26,71.25,0
82191,07/09/2017,7,9,2017,8.3,34.7,23.5,27.88,73,0
82191,08/09/2017,8,9,2017,9.3,35.1,23.8,28.04,76.5,0.1
82191,09/09/2017,9,9,2017,9.9,35.1,23.9,28.42,71.25,0
82191,10/09/2017,10,9,2017,10.2,35.4,23.7,28.6,72,0
82191,11/09/2017,11,9,2017,9.5,35.5,24.1,28.4,73.5,0
82191,12/09/2017,12,9,2017,9.9,35.2,23.7,28.24,71.75,0
82191,13/09/2017,13,9,2017,9.8,35.6,23.6,28.8,73.5,0.8
82191,14/09/2017,14,9,2017,6.9,35,23.7,27.18,89.5,0
82191,15/09/2017,15,9,2017,5.5,34.4,24.5,28.18,81.25,6.8
82191,16/09/2017,16,9,2017,7.8,34.1,24.5,28.18,75.25,0
82191,17/09/2017,17,9,2017,10,35.1,23.9,28.4,70.5,0
82191,18/09/2017,18,9,2017,9.4,36,23.7,28.66,76,0
82191,19/09/2017,19,9,2017,9.6,35.6,24.2,28.56,74.75,0
82191,20/09/2017,20,9,2017,1.4,32.5,23.9,26.8,88.25,0
82191,21/09/2017,21,9,2017,5.2,34.6,24.1,27.5,79.75,11.8
82191,22/09/2017,22,9,2017,7.2,33.7,24.2,28.24,73.5,0.1
82191,23/09/2017,23,9,2017,9.8,35.2,23.4,28.36,71.75,0.1
82191,24/09/2017,24,9,2017,7.9,34.6,23.9,27.8,80.5,0
82191,25/09/2017,25,9,2017,9.8,34.5,24.3,27.5,84,3.6
82191,26/09/2017,26,9,2017,7.8,33.9,24.1,27.34,82.5,5.2
82191,27/09/2017,27,9,2017,5.7,33.9,23.1,26.64,87.25,1.4
82191,28/09/2017,28,9,2017,7.7,34.7,24.1,27.22,86.25,0.6
82191,29/09/2017,29,9,2017,9.2,33.5,24,27.58,78.75,15.3
82191,30/09/2017,30,9,2017,9,34.2,23.8,27.94,76.5,0
82191,01/10/2017,1,10,2017,9.3,33.8,23.4,27.68,75.5,2
82191,02/10/2017,2,10,2017,9.8,35,22.3,27.94,73.75,0
82191,03/10/2017,3,10,2017,9.9,35.6,23.1,28.54,72.5,0
82191,04/10/2017,4,10,2017,7,34.6,23.7,27.04,84.75,0
82191,05/10/2017,5,10,2017,8.5,32.9,23.5,26.48,87.75,23.5
82191,06/10/2017,6,10,2017,10.2,34.3,23.5,27.98,77.25,13.8
82191,07/10/2017,7,10,2017,7.8,34.5,23.5,27.32,81.75,0
82191,08/10/2017,8,10,2017,6.6,33.5,23.6,26.62,89.25,2
82191,09/10/2017,9,10,2017,6.9,33.8,22.7,26.82,89.25,28
82191,10/10/2017,10,10,2017,7.3,32.7,24.1,26.84,86.25,34.4
82191,11/10/2017,11,10,2017,7.4,33.1,23.7,27.16,87,19.4
82191,12/10/2017,12,10,2017,9,33.9,23.5,27.96,76.75,2.8
82191,13/10/2017,13,10,2017,5.1,33,23.9,27.56,85.5,0
82191,14/10/2017,14,10,2017,8.8,33.5,23.6,27.82,73.75,4.1
82191,15/10/2017,15,10,2017,8.5,34.5,23,28.1,75.75,0
82191,16/10/2017,16,10,2017,5.8,33.1,23.1,27.54,81.75,1.4
82191,17/10/2017,17,10,2017,6.9,32.7,24,27.12,86.5,1.2
82191,18/10/2017,18,10,2017,8.8,33.3,24.3,27.82,80.5,5.2
82191,19/10/2017,19,10,2017,8.4,33.5,23.9,26.92,81.75,0
82191,20/10/2017,20,10,2017,9.8,33.7,23.3,27.62,75.25,12.9
82191,21/10/2017,21,10,2017,9.6,34.1,23.6,28.02,74.75,0.4
82191,22/10/2017,22,10,2017,9.9,34.3,23.1,28.04,74.25,0.3
82191,23/10/2017,23,10,2017,9.8,33.5,23,27.82,76.25,0
82191,24/10/2017,24,10,2017,9.3,34.1,24.1,27.76,83.5,0
82191,25/10/2017,25,10,2017,3.8,32.7,24.6,27.1,90,30.8
82191,26/10/2017,26,10,2017,5.7,32.9,24.3,27.28,88.25,11.7
82191,27/10/2017,27,10,2017,6,32.7,24.2,27.8,81,18.8
82191,28/10/2017,28,10,2017,5,33.1,24.1,27.2,88.25,0.6
82191,29/10/2017,29,10,2017,9.2,33.6,23,27.52,80.5,9.2
82191,30/10/2017,30,10,2017,9.6,32.8,23.7,27.66,82.25,0
82191,31/10/2017,31,10,2017,6,33.7,23.7,27.24,80.25,0
82191,01/11/2017,1,11,2017,6.2,34.1,24.1,28.18,77.25,0
82191,02/11/2017,2,11,2017,8.5,34.1,24.2,28.02,78,0
82191,03/11/2017,3,11,2017,8.3,34.1,22.7,27.08,86,6.3
82191,04/11/2017,4,11,2017,8.3,34.9,22.5,27.98,72.75,7.7
82191,05/11/2017,5,11,2017,9.2,34.9,23.1,28,75.75,0
82191,06/11/2017,6,11,2017,7.2,33.5,23.1,27.08,86,0
82191,07/11/2017,7,11,2017,5.5,33.4,23.3,27.12,86.25,14
82191,08/11/2017,8,11,2017,5.7,34.9,23.2,27.64,77.5,10.8
82191,09/11/2017,9,11,2017,9.8,35.7,23.5,27.94,79.5,0
82191,10/11/2017,10,11,2017,7.3,34.5,23.3,27.64,79,1.7
82191,11/11/2017,11,11,2017,8.8,34.4,23.4,27.86,78.5,16.5
82191,12/11/2017,12,11,2017,9.7,33.8,22.7,27.28,76.5,0
82191,13/11/2017,13,11,2017,9.6,34.9,22.7,28.16,76,0
82191,14/11/2017,14,11,2017,8.6,34.3,23.4,27.98,73,0
82191,15/11/2017,15,11,2017,7.3,35.1,23.3,27.86,78.75,2.4
82191,16/11/2017,16,11,2017,7.3,32.9,23.4,27.04,82.5,10.7
82191,17/11/2017,17,11,2017,9.8,33.7,22.1,27.28,76,8.4
82191,18/11/2017,18,11,2017,9,33.7,22.3,27.38,75.5,0
82191,19/11/2017,19,11,2017,8.4,34,23,27.96,74.25,0
82191,20/11/2017,20,11,2017,9,33.9,22.9,27.62,72.75,0
82191,21/11/2017,21,11,2017,8,33.5,22.3,27.72,75.5,0
82191,22/11/2017,22,11,2017,5.7,33.3,23.9,27.38,83,0
82191,23/11/2017,23,11,2017,6.8,33.5,23.7,27.92,83.5,0.4
82191,24/11/2017,24,11,2017,7.7,33.5,24.1,27.94,76.25,4.4
82191,25/11/2017,25,11,2017,8,34.3,24.1,28.16,75.5,1.9
82191,26/11/2017,26,11,2017,7.5,33.9,22.8,27.82,78.25,0
82191,27/11/2017,27,11,2017,5.2,33.3,23.8,27.78,76.5,11
82191,28/11/2017,28,11,2017,8,33.9,23.1,27.9,74.25,0.3
82191,29/11/2017,29,11,2017,6.8,34.1,22.9,28.24,76,6.8
82191,30/11/2017,30,11,2017,5.9,34.5,23.7,28.24,75.5,0
82191,01/12/2017,1,12,2017,7.1,34.3,23.5,27.98,73.75,0
82191,02/12/2017,2,12,2017,9.4,35.7,23,28.36,69,0.9
82191,03/12/2017,3,12,2017,9.1,35.6,22.9,28.52,66.25,0
82191,04/12/2017,4,12,2017,9.1,37.2,23.3,29.1,69,0
82191,05/12/2017,5,12,2017,7.6,35.4,24.3,28.86,75,0
82191,06/12/2017,6,12,2017,4.7,32.9,23.4,27.84,80.5,0.4
82191,07/12/2017,7,12,2017,3.5,32.6,24.5,28.14,74.25,0
82191,08/12/2017,8,12,2017,7.7,34.7,23.6,28.44,71.25,0
82191,09/12/2017,9,12,2017,7.5,34.6,24.3,28.4,77,0
82191,10/12/2017,10,12,2017,8.4,34.9,23.4,27.82,79,0.5
82191,11/12/2017,11,12,2017,6.3,33.4,23.3,27.18,84,0.7
82191,12/12/2017,12,12,2017,8.7,35.2,24.5,28.68,74.25,6.6
82191,13/12/2017,13,12,2017,2.5,33.2,24.5,27.66,85.25,0
82191,14/12/2017,14,12,2017,0.2,30.8,24,25.94,92.75,2
82191,15/12/2017,15,12,2017,1.5,31,23.8,25.68,90.5,28.1
82191,16/12/2017,16,12,2017,1.5,32.7,23.3,25.86,94.75,7.6
82191,17/12/2017,17,12,2017,7,33.6,23.4,27.46,80,15.4
82191,18/12/2017,18,12,2017,2.1,31.3,23.8,25.98,93.25,0.4
82191,19/12/2017,19,12,2017,2.6,31.7,22.9,24.96,89.5,26.8
82191,20/12/2017,20,12,2017,4.1,32.5,22.5,25.7,93.75,23.2
82191,21/12/2017,21,12,2017,0,30.1,23.7,25.52,92,11.4
82191,22/12/2017,22,12,2017,7.4,34.3,23.9,27.68,82.75,2.2
82191,23/12/2017,23,12,2017,3.6,32.5,23.9,26.56,88.5,14.9
82191,24/12/2017,24,12,2017,3.1,32.2,24.1,26.24,90,3.5
82191,25/12/2017,25,12,2017,0.5,31.2,23.7,25.5,93.75,35.2
82191,26/12/2017,26,12,2017,5.2,33.4,23.7,26.74,84.5,27.5
82191,27/12/2017,27,12,2017,4.3,32.3,23.9,27.48,88,0.9
82191,28/12/2017,28,12,2017,5.4,32.6,23.9,26.66,88.5,9.4
82191,29/12/2017,29,12,2017,3.9,32.8,23.4,26.62,92,0.5
82191,30/12/2017,30,12,2017,7.5,33.5,23.3,27.36,84.5,17.3
82191,31/12/2017,31,12,2017,5.8,33.1,23.5,26.82,90,8
